CurrPricePershare,ActualInvestedAmount,VirtualInvestedAmount,CurrentPortfolioVAlue,tax,profit_loss,PAT 
230, 1811975, 4017043.75, 3444250, 0, 1632275, 1632275
231, 1811975, 4017043.75, 3459225, 0, 1647250, 1647250
232, 1811975, 4017043.75, 3474200, 0, 1662225, 1662225
233, 1811975, 4017043.75, 3489175, 0, 1677200, 1677200
234, 1811975, 4017043.75, 3504150, 0, 1692175, 1692175
235, 1811975, 4017043.75, 3519125, 0, 1707150, 1707150
236, 1811975, 4017043.75, 3534100, 0, 1722125, 1722125
237, 1811975, 4017043.75, 3549075, 0, 1737100, 1737100
238, 1811975, 4017043.75, 3564050, 0, 1752075, 1752075
239, 1811975, 4017043.75, 3579025, 0, 1767050, 1767050
240, 1811975, 4017043.75, 3594000, 0, 1782025, 1782025
241, 1811975, 4017043.75, 3608975, 0, 1797000, 1797000
242, 1811975, 4017043.75, 3623950, 0, 1811975, 1811975
243, 1811975, 4017043.75, 3638925, 0, 1826950, 1826950
244, 1811975, 4017043.75, 3653900, 0, 1841925, 1841925
245, 1811975, 4017043.75, 3668875, 0, 1856900, 1856900
246, 1811975, 4017043.75, 3683850, 0, 1871875, 1871875
247, 1811975, 4017043.75, 3698825, 0, 1886850, 1886850
248, 1811975, 4017043.75, 3713800, 0, 1901825, 1901825
249, 1811975, 4017043.75, 3728775, 0, 1916800, 1916800
250, 1811975, 4017043.75, 3743750, 0, 1931775, 1931775
251, 1811975, 4017043.75, 3758725, 0, 1946750, 1946750
252, 1811975, 4017043.75, 3773700, 0, 1961725, 1961725
253, 1811975, 4017043.75, 3788675, 0, 1976700, 1976700
254, 1811975, 4017043.75, 3803650, 0, 1991675, 1991675
255, 1811975, 4017043.75, 3818625, 0, 2006650, 2006650
256, 1811975, 4017043.75, 3833600, 0, 2021625, 2021625
257, 1811975, 4017043.75, 3848575, 0, 2036600, 2036600
258, 1811975, 4017043.75, 3863550, 0, 2051575, 2051575
259, 1811975, 4017043.75, 3878525, 0, 2066550, 2066550
260, 1811975, 4017043.75, 3893500, 0, 2081525, 2081525
261, 1811975, 4017043.75, 3908475, 0, 2096500, 2096500
262, 1811975, 4017043.75, 3923450, 0, 2111475, 2111475
263, 1811975, 4017043.75, 3938425, 0, 2126450, 2126450
264, 1811975, 4017043.75, 3953400, 0, 2141425, 2141425
265, 1811975, 4017043.75, 3968375, 0, 2156400, 2156400
266, 1811975, 4017043.75, 3983350, 0, 2171375, 2171375
267, 1811975, 4017043.75, 3998325, 0, 2186350, 2186350
268, 1811975, 4017043.75, 4013300, 0, 2201325, 2201325
269, 1811975, 4017043.75, 4028275, 2246.25, 2216300, 2214053.75
270, 1811975, 4017043.75, 4043250, 5241.25, 2231275, 2226033.75
271, 1811975, 4017043.75, 4058225, 8236.25, 2246250, 2238013.75
272, 1811975, 4017043.75, 4073200, 11231.25, 2261225, 2249993.75
273, 1811975, 4017043.75, 4088175, 14226.25, 2276200, 2261973.75
274, 1811975, 4017043.75, 4103150, 17221.25, 2291175, 2273953.75
275, 1811975, 4017043.75, 4118125, 20216.25, 2306150, 2285933.75
276, 1811975, 4017043.75, 4133100, 23211.25, 2321125, 2297913.75
277, 1811975, 4017043.75, 4148075, 26206.25, 2336100, 2309893.75
278, 1811975, 4017043.75, 4163050, 29201.25, 2351075, 2321873.75
279, 1811975, 4017043.75, 4178025, 32196.25, 2366050, 2333853.75
280, 1811975, 4017043.75, 4193000, 35191.25, 2381025, 2345833.75
281, 1811975, 4017043.75, 4207975, 38186.25, 2396000, 2357813.75
282, 1811975, 4017043.75, 4222950, 41181.25, 2410975, 2369793.75
283, 1811975, 4017043.75, 4237925, 44176.25, 2425950, 2381773.75
284, 1811975, 4017043.75, 4252900, 47171.25, 2440925, 2393753.75
285, 1811975, 4017043.75, 4267875, 50166.25, 2455900, 2405733.75
286, 1811975, 4017043.75, 4282850, 53161.25, 2470875, 2417713.75
287, 1811975, 4017043.75, 4297825, 56156.25, 2485850, 2429693.75
288, 1811975, 4017043.75, 4312800, 59151.25, 2500825, 2441673.75
289, 1811975, 4017043.75, 4327775, 62146.25, 2515800, 2453653.75
290, 1811975, 4017043.75, 4342750, 65141.25, 2530775, 2465633.75
291, 1811975, 4017043.75, 4357725, 68136.25, 2545750, 2477613.75
292, 1811975, 4017043.75, 4372700, 71131.25, 2560725, 2489593.75
293, 1811975, 4017043.75, 4387675, 74126.25, 2575700, 2501573.75
294, 1811975, 4017043.75, 4402650, 77121.25, 2590675, 2513553.75
295, 1811975, 4017043.75, 4417625, 80116.25, 2605650, 2525533.75
296, 1811975, 4017043.75, 4432600, 83111.25, 2620625, 2537513.75
297, 1811975, 4017043.75, 4447575, 86106.25, 2635600, 2549493.75
298, 1811975, 4017043.75, 4462550, 89101.25, 2650575, 2561473.75
299, 1811975, 4017043.75, 4477525, 92096.25, 2665550, 2573453.75
300, 1811975, 4017043.75, 4492500, 95091.25, 2680525, 2585433.75
301, 1811975, 4017043.75, 4507475, 98086.25, 2695500, 2597413.75
302, 1811975, 4017043.75, 4522450, 101081.25, 2710475, 2609393.75
303, 1811975, 4017043.75, 4537425, 104076.25, 2725450, 2621373.75
304, 1811975, 4017043.75, 4552400, 107071.25, 2740425, 2633353.75
305, 1811975, 4017043.75, 4567375, 110066.25, 2755400, 2645333.75
306, 1811975, 4017043.75, 4582350, 113061.25, 2770375, 2657313.75
307, 1811975, 4017043.75, 4597325, 116056.25, 2785350, 2669293.75
308, 1811975, 4017043.75, 4612300, 119051.25, 2800325, 2681273.75
309, 1811975, 4017043.75, 4627275, 122046.25, 2815300, 2693253.75
310, 1811975, 4017043.75, 4642250, 125041.25, 2830275, 2705233.75
311, 1811975, 4017043.75, 4657225, 128036.25, 2845250, 2717213.75
312, 1811975, 4017043.75, 4672200, 131031.25, 2860225, 2729193.75
313, 1811975, 4017043.75, 4687175, 134026.25, 2875200, 2741173.75
314, 1811975, 4017043.75, 4702150, 137021.25, 2890175, 2753153.75
315, 1811975, 4017043.75, 4717125, 140016.25, 2905150, 2765133.75
316, 1811975, 4017043.75, 4732100, 143011.25, 2920125, 2777113.75
317, 1811975, 4017043.75, 4747075, 146006.25, 2935100, 2789093.75
318, 1811975, 4017043.75, 4762050, 149001.25, 2950075, 2801073.75
319, 1811975, 4017043.75, 4777025, 151996.25, 2965050, 2813053.75
320, 1811975, 4017043.75, 4792000, 154991.25, 2980025, 2825033.75
321, 1811975, 4017043.75, 4806975, 157986.25, 2995000, 2837013.75
322, 1811975, 4017043.75, 4821950, 160981.25, 3009975, 2848993.75
323, 1811975, 4017043.75, 4836925, 163976.25, 3024950, 2860973.75
324, 1811975, 4017043.75, 4851900, 166971.25, 3039925, 2872953.75
325, 1811975, 4017043.75, 4866875, 169966.25, 3054900, 2884933.75
326, 1811975, 4017043.75, 4881850, 172961.25, 3069875, 2896913.75
327, 1811975, 4017043.75, 4896825, 175956.25, 3084850, 2908893.75
328, 1811975, 4017043.75, 4911800, 178951.25, 3099825, 2920873.75
329, 1811975, 4017043.75, 4926775, 181946.25, 3114800, 2932853.75
330, 1811975, 4017043.75, 4941750, 184941.25, 3129775, 2944833.75
331, 1811975, 4017043.75, 4956725, 187936.25, 3144750, 2956813.75
332, 1811975, 4017043.75, 4971700, 190931.25, 3159725, 2968793.75
333, 1811975, 4017043.75, 4986675, 193926.25, 3174700, 2980773.75
334, 1811975, 4017043.75, 5001650, 196921.25, 3189675, 2992753.75
335, 1811975, 4017043.75, 5016625, 199916.25, 3204650, 3004733.75
336, 1811975, 4017043.75, 5031600, 202911.25, 3219625, 3016713.75
337, 1811975, 4017043.75, 5046575, 205906.25, 3234600, 3028693.75
338, 1811975, 4017043.75, 5061550, 208901.25, 3249575, 3040673.75
339, 1811975, 4017043.75, 5076525, 211896.25, 3264550, 3052653.75
340, 1811975, 4017043.75, 5091500, 214891.25, 3279525, 3064633.75
341, 1811975, 4017043.75, 5106475, 217886.25, 3294500, 3076613.75
342, 1811975, 4017043.75, 5121450, 220881.25, 3309475, 3088593.75
343, 1811975, 4017043.75, 5136425, 223876.25, 3324450, 3100573.75
344, 1811975, 4017043.75, 5151400, 226871.25, 3339425, 3112553.75
345, 1811975, 4017043.75, 5166375, 229866.25, 3354400, 3124533.75
346, 1811975, 4017043.75, 5181350, 232861.25, 3369375, 3136513.75
347, 1811975, 4017043.75, 5196325, 235856.25, 3384350, 3148493.75
348, 1811975, 4017043.75, 5211300, 238851.25, 3399325, 3160473.75
349, 1811975, 4017043.75, 5226275, 241846.25, 3414300, 3172453.75
350, 1811975, 4017043.75, 5241250, 244841.25, 3429275, 3184433.75
351, 1811975, 4017043.75, 5256225, 247836.25, 3444250, 3196413.75
352, 1811975, 4017043.75, 5271200, 250831.25, 3459225, 3208393.75
353, 1811975, 4017043.75, 5286175, 253826.25, 3474200, 3220373.75
354, 1811975, 4017043.75, 5301150, 256821.25, 3489175, 3232353.75
355, 1811975, 4017043.75, 5316125, 259816.25, 3504150, 3244333.75
356, 1811975, 4017043.75, 5331100, 262811.25, 3519125, 3256313.75
357, 1811975, 4017043.75, 5346075, 265806.25, 3534100, 3268293.75
358, 1811975, 4017043.75, 5361050, 268801.25, 3549075, 3280273.75
359, 1811975, 4017043.75, 5376025, 271796.25, 3564050, 3292253.75
360, 1811975, 4017043.75, 5391000, 274791.25, 3579025, 3304233.75
361, 1811975, 4017043.75, 5405975, 277786.25, 3594000, 3316213.75
362, 1811975, 4017043.75, 5420950, 280781.25, 3608975, 3328193.75
363, 1811975, 4017043.75, 5435925, 283776.25, 3623950, 3340173.75
364, 1811975, 4017043.75, 5450900, 286771.25, 3638925, 3352153.75
365, 1811975, 4017043.75, 5465875, 289766.25, 3653900, 3364133.75
366, 1811975, 4017043.75, 5480850, 292761.25, 3668875, 3376113.75
367, 1811975, 4017043.75, 5495825, 295756.25, 3683850, 3388093.75
368, 1811975, 4017043.75, 5510800, 298751.25, 3698825, 3400073.75
369, 1811975, 4017043.75, 5525775, 301746.25, 3713800, 3412053.75
370, 1811975, 4017043.75, 5540750, 304741.25, 3728775, 3424033.75
371, 1811975, 4017043.75, 5555725, 307736.25, 3743750, 3436013.75
372, 1811975, 4017043.75, 5570700, 310731.25, 3758725, 3447993.75
373, 1811975, 4017043.75, 5585675, 313726.25, 3773700, 3459973.75
374, 1811975, 4017043.75, 5600650, 316721.25, 3788675, 3471953.75
375, 1811975, 4017043.75, 5615625, 319716.25, 3803650, 3483933.75
376, 1811975, 4017043.75, 5630600, 322711.25, 3818625, 3495913.75
377, 1811975, 4017043.75, 5645575, 325706.25, 3833600, 3507893.75
378, 1811975, 4017043.75, 5660550, 328701.25, 3848575, 3519873.75
379, 1811975, 4017043.75, 5675525, 331696.25, 3863550, 3531853.75
380, 1811975, 4017043.75, 5690500, 334691.25, 3878525, 3543833.75
381, 1811975, 4017043.75, 5705475, 337686.25, 3893500, 3555813.75
382, 1811975, 4017043.75, 5720450, 340681.25, 3908475, 3567793.75
383, 1811975, 4017043.75, 5735425, 343676.25, 3923450, 3579773.75
384, 1811975, 4017043.75, 5750400, 346671.25, 3938425, 3591753.75
385, 1811975, 4017043.75, 5765375, 349666.25, 3953400, 3603733.75
386, 1811975, 4017043.75, 5780350, 352661.25, 3968375, 3615713.75
387, 1811975, 4017043.75, 5795325, 355656.25, 3983350, 3627693.75
388, 1811975, 4017043.75, 5810300, 358651.25, 3998325, 3639673.75
389, 1811975, 4017043.75, 5825275, 361646.25, 4013300, 3651653.75
390, 1811975, 4017043.75, 5840250, 364641.25, 4028275, 3663633.75
391, 1811975, 4017043.75, 5855225, 367636.25, 4043250, 3675613.75
392, 1811975, 4017043.75, 5870200, 370631.25, 4058225, 3687593.75
393, 1811975, 4017043.75, 5885175, 373626.25, 4073200, 3699573.75
394, 1811975, 4017043.75, 5900150, 376621.25, 4088175, 3711553.75
395, 1811975, 4017043.75, 5915125, 379616.25, 4103150, 3723533.75
396, 1811975, 4017043.75, 5930100, 382611.25, 4118125, 3735513.75
397, 1811975, 4017043.75, 5945075, 385606.25, 4133100, 3747493.75
398, 1811975, 4017043.75, 5960050, 388601.25, 4148075, 3759473.75
399, 1811975, 4017043.75, 5975025, 391596.25, 4163050, 3771453.75
400, 1811975, 4017043.75, 5990000, 394591.25, 4178025, 3783433.75
401, 1811975, 4017043.75, 6004975, 397586.25, 4193000, 3795413.75
402, 1811975, 4017043.75, 6019950, 400581.25, 4207975, 3807393.75
403, 1811975, 4017043.75, 6034925, 403576.25, 4222950, 3819373.75
404, 1811975, 4017043.75, 6049900, 406571.25, 4237925, 3831353.75
405, 1811975, 4017043.75, 6064875, 409566.25, 4252900, 3843333.75
406, 1811975, 4017043.75, 6079850, 412561.25, 4267875, 3855313.75
407, 1811975, 4017043.75, 6094825, 415556.25, 4282850, 3867293.75
408, 1811975, 4017043.75, 6109800, 418551.25, 4297825, 3879273.75
409, 1811975, 4017043.75, 6124775, 421546.25, 4312800, 3891253.75
410, 1811975, 4017043.75, 6139750, 424541.25, 4327775, 3903233.75
411, 1811975, 4017043.75, 6154725, 427536.25, 4342750, 3915213.75
412, 1811975, 4017043.75, 6169700, 430531.25, 4357725, 3927193.75
413, 1811975, 4017043.75, 6184675, 433526.25, 4372700, 3939173.75
414, 1811975, 4017043.75, 6199650, 436521.25, 4387675, 3951153.75
415, 1811975, 4017043.75, 6214625, 439516.25, 4402650, 3963133.75
416, 1811975, 4017043.75, 6229600, 442511.25, 4417625, 3975113.75
417, 1811975, 4017043.75, 6244575, 445506.25, 4432600, 3987093.75
418, 1811975, 4017043.75, 6259550, 448501.25, 4447575, 3999073.75
419, 1811975, 4017043.75, 6274525, 451496.25, 4462550, 4011053.75
420, 1811975, 4017043.75, 6289500, 454491.25, 4477525, 4023033.75
421, 1811975, 4017043.75, 6304475, 457486.25, 4492500, 4035013.75
422, 1811975, 4017043.75, 6319450, 460481.25, 4507475, 4046993.75
423, 1811975, 4017043.75, 6334425, 463476.25, 4522450, 4058973.75
424, 1811975, 4017043.75, 6349400, 466471.25, 4537425, 4070953.75
425, 1811975, 4017043.75, 6364375, 469466.25, 4552400, 4082933.75
426, 1811975, 4017043.75, 6379350, 472461.25, 4567375, 4094913.75
427, 1811975, 4017043.75, 6394325, 475456.25, 4582350, 4106893.75
428, 1811975, 4017043.75, 6409300, 478451.25, 4597325, 4118873.75
429, 1811975, 4017043.75, 6424275, 481446.25, 4612300, 4130853.75
430, 1811975, 4017043.75, 6439250, 484441.25, 4627275, 4142833.75
431, 1811975, 4017043.75, 6454225, 487436.25, 4642250, 4154813.75
432, 1811975, 4017043.75, 6469200, 490431.25, 4657225, 4166793.75
433, 1811975, 4017043.75, 6484175, 493426.25, 4672200, 4178773.75
434, 1811975, 4017043.75, 6499150, 496421.25, 4687175, 4190753.75
435, 1811975, 4017043.75, 6514125, 499416.25, 4702150, 4202733.75
436, 1811975, 4017043.75, 6529100, 502411.25, 4717125, 4214713.75
437, 1811975, 4017043.75, 6544075, 505406.25, 4732100, 4226693.75
438, 1811975, 4017043.75, 6559050, 508401.25, 4747075, 4238673.75
439, 1811975, 4017043.75, 6574025, 511396.25, 4762050, 4250653.75
440, 1811975, 4017043.75, 6589000, 514391.25, 4777025, 4262633.75
441, 1811975, 4017043.75, 6603975, 517386.25, 4792000, 4274613.75
442, 1811975, 4017043.75, 6618950, 520381.25, 4806975, 4286593.75
443, 1811975, 4017043.75, 6633925, 523376.25, 4821950, 4298573.75
444, 1811975, 4017043.75, 6648900, 526371.25, 4836925, 4310553.75
445, 1811975, 4017043.75, 6663875, 529366.25, 4851900, 4322533.75
446, 1811975, 4017043.75, 6678850, 532361.25, 4866875, 4334513.75
447, 1811975, 4017043.75, 6693825, 535356.25, 4881850, 4346493.75
448, 1811975, 4017043.75, 6708800, 538351.25, 4896825, 4358473.75
449, 1811975, 4017043.75, 6723775, 541346.25, 4911800, 4370453.75
450, 1811975, 4017043.75, 6738750, 544341.25, 4926775, 4382433.75
451, 1811975, 4017043.75, 6753725, 547336.25, 4941750, 4394413.75
452, 1811975, 4017043.75, 6768700, 550331.25, 4956725, 4406393.75
453, 1811975, 4017043.75, 6783675, 553326.25, 4971700, 4418373.75
454, 1811975, 4017043.75, 6798650, 556321.25, 4986675, 4430353.75
455, 1811975, 4017043.75, 6813625, 559316.25, 5001650, 4442333.75
456, 1811975, 4017043.75, 6828600, 562311.25, 5016625, 4454313.75
457, 1811975, 4017043.75, 6843575, 565306.25, 5031600, 4466293.75
458, 1811975, 4017043.75, 6858550, 568301.25, 5046575, 4478273.75
459, 1811975, 4017043.75, 6873525, 571296.25, 5061550, 4490253.75
460, 1811975, 4017043.75, 6888500, 574291.25, 5076525, 4502233.75
461, 1811975, 4017043.75, 6903475, 577286.25, 5091500, 4514213.75
462, 1811975, 4017043.75, 6918450, 580281.25, 5106475, 4526193.75
463, 1811975, 4017043.75, 6933425, 583276.25, 5121450, 4538173.75
464, 1811975, 4017043.75, 6948400, 586271.25, 5136425, 4550153.75
465, 1811975, 4017043.75, 6963375, 589266.25, 5151400, 4562133.75
466, 1811975, 4017043.75, 6978350, 592261.25, 5166375, 4574113.75
467, 1811975, 4017043.75, 6993325, 595256.25, 5181350, 4586093.75
468, 1811975, 4017043.75, 7008300, 598251.25, 5196325, 4598073.75
469, 1811975, 4017043.75, 7023275, 601246.25, 5211300, 4610053.75
470, 1811975, 4017043.75, 7038250, 604241.25, 5226275, 4622033.75
471, 1811975, 4017043.75, 7053225, 607236.25, 5241250, 4634013.75
472, 1811975, 4017043.75, 7068200, 610231.25, 5256225, 4645993.75
473, 1811975, 4017043.75, 7083175, 613226.25, 5271200, 4657973.75
474, 1811975, 4017043.75, 7098150, 616221.25, 5286175, 4669953.75
475, 1811975, 4017043.75, 7113125, 619216.25, 5301150, 4681933.75
476, 1811975, 4017043.75, 7128100, 622211.25, 5316125, 4693913.75
477, 1811975, 4017043.75, 7143075, 625206.25, 5331100, 4705893.75
478, 1811975, 4017043.75, 7158050, 628201.25, 5346075, 4717873.75
479, 1811975, 4017043.75, 7173025, 631196.25, 5361050, 4729853.75
480, 1811975, 4017043.75, 7188000, 634191.25, 5376025, 4741833.75
481, 1811975, 4017043.75, 7202975, 637186.25, 5391000, 4753813.75
482, 1811975, 4017043.75, 7217950, 640181.25, 5405975, 4765793.75
483, 1811975, 4017043.75, 7232925, 643176.25, 5420950, 4777773.75
484, 1811975, 4017043.75, 7247900, 646171.25, 5435925, 4789753.75
485, 1811975, 4017043.75, 7262875, 649166.25, 5450900, 4801733.75
486, 1811975, 4017043.75, 7277850, 652161.25, 5465875, 4813713.75
487, 1811975, 4017043.75, 7292825, 655156.25, 5480850, 4825693.75
488, 1811975, 4017043.75, 7307800, 658151.25, 5495825, 4837673.75
489, 1811975, 4017043.75, 7322775, 661146.25, 5510800, 4849653.75
490, 1811975, 4017043.75, 7337750, 664141.25, 5525775, 4861633.75
491, 1811975, 4017043.75, 7352725, 667136.25, 5540750, 4873613.75
492, 1811975, 4017043.75, 7367700, 670131.25, 5555725, 4885593.75
493, 1811975, 4017043.75, 7382675, 673126.25, 5570700, 4897573.75
494, 1811975, 4017043.75, 7397650, 676121.25, 5585675, 4909553.75
495, 1811975, 4017043.75, 7412625, 679116.25, 5600650, 4921533.75
496, 1811975, 4017043.75, 7427600, 682111.25, 5615625, 4933513.75
497, 1811975, 4017043.75, 7442575, 685106.25, 5630600, 4945493.75
498, 1811975, 4017043.75, 7457550, 688101.25, 5645575, 4957473.75
499, 1811975, 4017043.75, 7472525, 691096.25, 5660550, 4969453.75
500, 1811975, 4017043.75, 7487500, 694091.25, 5675525, 4981433.75
501, 1811975, 4017043.75, 7502475, 697086.25, 5690500, 4993413.75
502, 1811975, 4017043.75, 7517450, 700081.25, 5705475, 5005393.75
503, 1811975, 4017043.75, 7532425, 703076.25, 5720450, 5017373.75
504, 1811975, 4017043.75, 7547400, 706071.25, 5735425, 5029353.75
505, 1811975, 4017043.75, 7562375, 709066.25, 5750400, 5041333.75
506, 1811975, 4017043.75, 7577350, 712061.25, 5765375, 5053313.75
507, 1811975, 4017043.75, 7592325, 715056.25, 5780350, 5065293.75
508, 1811975, 4017043.75, 7607300, 718051.25, 5795325, 5077273.75
509, 1811975, 4017043.75, 7622275, 721046.25, 5810300, 5089253.75
510, 1811975, 4017043.75, 7637250, 724041.25, 5825275, 5101233.75
511, 1811975, 4017043.75, 7652225, 727036.25, 5840250, 5113213.75
512, 1811975, 4017043.75, 7667200, 730031.25, 5855225, 5125193.75
513, 1811975, 4017043.75, 7682175, 733026.25, 5870200, 5137173.75
514, 1811975, 4017043.75, 7697150, 736021.25, 5885175, 5149153.75
515, 1811975, 4017043.75, 7712125, 739016.25, 5900150, 5161133.75
516, 1811975, 4017043.75, 7727100, 742011.25, 5915125, 5173113.75
517, 1811975, 4017043.75, 7742075, 745006.25, 5930100, 5185093.75
518, 1811975, 4017043.75, 7757050, 748001.25, 5945075, 5197073.75
519, 1811975, 4017043.75, 7772025, 750996.25, 5960050, 5209053.75
520, 1811975, 4017043.75, 7787000, 753991.25, 5975025, 5221033.75
521, 1811975, 4017043.75, 7801975, 756986.25, 5990000, 5233013.75
522, 1811975, 4017043.75, 7816950, 759981.25, 6004975, 5244993.75
523, 1811975, 4017043.75, 7831925, 762976.25, 6019950, 5256973.75
524, 1811975, 4017043.75, 7846900, 765971.25, 6034925, 5268953.75
525, 1811975, 4017043.75, 7861875, 768966.25, 6049900, 5280933.75
526, 1811975, 4017043.75, 7876850, 771961.25, 6064875, 5292913.75
527, 1811975, 4017043.75, 7891825, 774956.25, 6079850, 5304893.75
528, 1811975, 4017043.75, 7906800, 777951.25, 6094825, 5316873.75
529, 1811975, 4017043.75, 7921775, 780946.25, 6109800, 5328853.75
530, 1811975, 4017043.75, 7936750, 783941.25, 6124775, 5340833.75
531, 1811975, 4017043.75, 7951725, 786936.25, 6139750, 5352813.75
532, 1811975, 4017043.75, 7966700, 789931.25, 6154725, 5364793.75
533, 1811975, 4017043.75, 7981675, 792926.25, 6169700, 5376773.75
534, 1811975, 4017043.75, 7996650, 795921.25, 6184675, 5388753.75
535, 1811975, 4017043.75, 8011625, 798916.25, 6199650, 5400733.75
536, 1811975, 4017043.75, 8026600, 801911.25, 6214625, 5412713.75
537, 1811975, 4017043.75, 8041575, 804906.25, 6229600, 5424693.75
538, 1811975, 4017043.75, 8056550, 807901.25, 6244575, 5436673.75
539, 1811975, 4017043.75, 8071525, 810896.25, 6259550, 5448653.75
540, 1811975, 4017043.75, 8086500, 813891.25, 6274525, 5460633.75
541, 1811975, 4017043.75, 8101475, 816886.25, 6289500, 5472613.75
542, 1811975, 4017043.75, 8116450, 819881.25, 6304475, 5484593.75
543, 1811975, 4017043.75, 8131425, 822876.25, 6319450, 5496573.75
544, 1811975, 4017043.75, 8146400, 825871.25, 6334425, 5508553.75
545, 1811975, 4017043.75, 8161375, 828866.25, 6349400, 5520533.75
546, 1811975, 4017043.75, 8176350, 831861.25, 6364375, 5532513.75
547, 1811975, 4017043.75, 8191325, 834856.25, 6379350, 5544493.75
548, 1811975, 4017043.75, 8206300, 837851.25, 6394325, 5556473.75
549, 1811975, 4017043.75, 8221275, 840846.25, 6409300, 5568453.75
550, 1811975, 4017043.75, 8236250, 843841.25, 6424275, 5580433.75
551, 1811975, 4017043.75, 8251225, 846836.25, 6439250, 5592413.75
552, 1811975, 4017043.75, 8266200, 849831.25, 6454225, 5604393.75
553, 1811975, 4017043.75, 8281175, 852826.25, 6469200, 5616373.75
554, 1811975, 4017043.75, 8296150, 855821.25, 6484175, 5628353.75
555, 1811975, 4017043.75, 8311125, 858816.25, 6499150, 5640333.75
556, 1811975, 4017043.75, 8326100, 861811.25, 6514125, 5652313.75
557, 1811975, 4017043.75, 8341075, 864806.25, 6529100, 5664293.75
558, 1811975, 4017043.75, 8356050, 867801.25, 6544075, 5676273.75
559, 1811975, 4017043.75, 8371025, 870796.25, 6559050, 5688253.75
560, 1811975, 4017043.75, 8386000, 873791.25, 6574025, 5700233.75
561, 1811975, 4017043.75, 8400975, 876786.25, 6589000, 5712213.75
562, 1811975, 4017043.75, 8415950, 879781.25, 6603975, 5724193.75
563, 1811975, 4017043.75, 8430925, 882776.25, 6618950, 5736173.75
564, 1811975, 4017043.75, 8445900, 885771.25, 6633925, 5748153.75
565, 1811975, 4017043.75, 8460875, 888766.25, 6648900, 5760133.75
566, 1811975, 4017043.75, 8475850, 891761.25, 6663875, 5772113.75
567, 1811975, 4017043.75, 8490825, 894756.25, 6678850, 5784093.75
568, 1811975, 4017043.75, 8505800, 897751.25, 6693825, 5796073.75
569, 1811975, 4017043.75, 8520775, 900746.25, 6708800, 5808053.75
570, 1811975, 4017043.75, 8535750, 903741.25, 6723775, 5820033.75
571, 1811975, 4017043.75, 8550725, 906736.25, 6738750, 5832013.75
572, 1811975, 4017043.75, 8565700, 909731.25, 6753725, 5843993.75
573, 1811975, 4017043.75, 8580675, 912726.25, 6768700, 5855973.75
574, 1811975, 4017043.75, 8595650, 915721.25, 6783675, 5867953.75
575, 1811975, 4017043.75, 8610625, 918716.25, 6798650, 5879933.75
576, 1811975, 4017043.75, 8625600, 921711.25, 6813625, 5891913.75
577, 1811975, 4017043.75, 8640575, 924706.25, 6828600, 5903893.75
578, 1811975, 4017043.75, 8655550, 927701.25, 6843575, 5915873.75
579, 1811975, 4017043.75, 8670525, 930696.25, 6858550, 5927853.75
580, 1811975, 4017043.75, 8685500, 933691.25, 6873525, 5939833.75
581, 1811975, 4017043.75, 8700475, 936686.25, 6888500, 5951813.75
582, 1811975, 4017043.75, 8715450, 939681.25, 6903475, 5963793.75
583, 1811975, 4017043.75, 8730425, 942676.25, 6918450, 5975773.75
584, 1811975, 4017043.75, 8745400, 945671.25, 6933425, 5987753.75
585, 1811975, 4017043.75, 8760375, 948666.25, 6948400, 5999733.75
586, 1811975, 4017043.75, 8775350, 951661.25, 6963375, 6011713.75
587, 1811975, 4017043.75, 8790325, 954656.25, 6978350, 6023693.75
588, 1811975, 4017043.75, 8805300, 957651.25, 6993325, 6035673.75
589, 1811975, 4017043.75, 8820275, 960646.25, 7008300, 6047653.75
590, 1811975, 4017043.75, 8835250, 963641.25, 7023275, 6059633.75
591, 1811975, 4017043.75, 8850225, 966636.25, 7038250, 6071613.75
592, 1811975, 4017043.75, 8865200, 969631.25, 7053225, 6083593.75
593, 1811975, 4017043.75, 8880175, 972626.25, 7068200, 6095573.75
594, 1811975, 4017043.75, 8895150, 975621.25, 7083175, 6107553.75
595, 1811975, 4017043.75, 8910125, 978616.25, 7098150, 6119533.75
596, 1811975, 4017043.75, 8925100, 981611.25, 7113125, 6131513.75
597, 1811975, 4017043.75, 8940075, 984606.25, 7128100, 6143493.75
598, 1811975, 4017043.75, 8955050, 987601.25, 7143075, 6155473.75
599, 1811975, 4017043.75, 8970025, 990596.25, 7158050, 6167453.75
600, 1811975, 4017043.75, 8985000, 993591.25, 7173025, 6179433.75
601, 1811975, 4017043.75, 8999975, 996586.25, 7188000, 6191413.75
602, 1811975, 4017043.75, 9014950, 999581.25, 7202975, 6203393.75
603, 1811975, 4017043.75, 9029925, 1002576.25, 7217950, 6215373.75
604, 1811975, 4017043.75, 9044900, 1005571.25, 7232925, 6227353.75
605, 1811975, 4017043.75, 9059875, 1008566.25, 7247900, 6239333.75
606, 1811975, 4017043.75, 9074850, 1011561.25, 7262875, 6251313.75
607, 1811975, 4017043.75, 9089825, 1014556.25, 7277850, 6263293.75
608, 1811975, 4017043.75, 9104800, 1017551.25, 7292825, 6275273.75
609, 1811975, 4017043.75, 9119775, 1020546.25, 7307800, 6287253.75
610, 1811975, 4017043.75, 9134750, 1023541.25, 7322775, 6299233.75
611, 1811975, 4017043.75, 9149725, 1026536.25, 7337750, 6311213.75
612, 1811975, 4017043.75, 9164700, 1029531.25, 7352725, 6323193.75
613, 1811975, 4017043.75, 9179675, 1032526.25, 7367700, 6335173.75
614, 1811975, 4017043.75, 9194650, 1035521.25, 7382675, 6347153.75
615, 1811975, 4017043.75, 9209625, 1038516.25, 7397650, 6359133.75
616, 1811975, 4017043.75, 9224600, 1041511.25, 7412625, 6371113.75
617, 1811975, 4017043.75, 9239575, 1044506.25, 7427600, 6383093.75
618, 1811975, 4017043.75, 9254550, 1047501.25, 7442575, 6395073.75
619, 1811975, 4017043.75, 9269525, 1050496.25, 7457550, 6407053.75
620, 1811975, 4017043.75, 9284500, 1053491.25, 7472525, 6419033.75
621, 1811975, 4017043.75, 9299475, 1056486.25, 7487500, 6431013.75
622, 1811975, 4017043.75, 9314450, 1059481.25, 7502475, 6442993.75
623, 1811975, 4017043.75, 9329425, 1062476.25, 7517450, 6454973.75
624, 1811975, 4017043.75, 9344400, 1065471.25, 7532425, 6466953.75
625, 1811975, 4017043.75, 9359375, 1068466.25, 7547400, 6478933.75
626, 1811975, 4017043.75, 9374350, 1071461.25, 7562375, 6490913.75
627, 1811975, 4017043.75, 9389325, 1074456.25, 7577350, 6502893.75
628, 1811975, 4017043.75, 9404300, 1077451.25, 7592325, 6514873.75
629, 1811975, 4017043.75, 9419275, 1080446.25, 7607300, 6526853.75
630, 1811975, 4017043.75, 9434250, 1083441.25, 7622275, 6538833.75
631, 1811975, 4017043.75, 9449225, 1086436.25, 7637250, 6550813.75
632, 1811975, 4017043.75, 9464200, 1089431.25, 7652225, 6562793.75
633, 1811975, 4017043.75, 9479175, 1092426.25, 7667200, 6574773.75
634, 1811975, 4017043.75, 9494150, 1095421.25, 7682175, 6586753.75
635, 1811975, 4017043.75, 9509125, 1098416.25, 7697150, 6598733.75
636, 1811975, 4017043.75, 9524100, 1101411.25, 7712125, 6610713.75
637, 1811975, 4017043.75, 9539075, 1104406.25, 7727100, 6622693.75
638, 1811975, 4017043.75, 9554050, 1107401.25, 7742075, 6634673.75
639, 1811975, 4017043.75, 9569025, 1110396.25, 7757050, 6646653.75
640, 1811975, 4017043.75, 9584000, 1113391.25, 7772025, 6658633.75
641, 1811975, 4017043.75, 9598975, 1116386.25, 7787000, 6670613.75
642, 1811975, 4017043.75, 9613950, 1119381.25, 7801975, 6682593.75
643, 1811975, 4017043.75, 9628925, 1122376.25, 7816950, 6694573.75
644, 1811975, 4017043.75, 9643900, 1125371.25, 7831925, 6706553.75
645, 1811975, 4017043.75, 9658875, 1128366.25, 7846900, 6718533.75
646, 1811975, 4017043.75, 9673850, 1131361.25, 7861875, 6730513.75
647, 1811975, 4017043.75, 9688825, 1134356.25, 7876850, 6742493.75
648, 1811975, 4017043.75, 9703800, 1137351.25, 7891825, 6754473.75
649, 1811975, 4017043.75, 9718775, 1140346.25, 7906800, 6766453.75
650, 1811975, 4017043.75, 9733750, 1143341.25, 7921775, 6778433.75
651, 1811975, 4017043.75, 9748725, 1146336.25, 7936750, 6790413.75
652, 1811975, 4017043.75, 9763700, 1149331.25, 7951725, 6802393.75
653, 1811975, 4017043.75, 9778675, 1152326.25, 7966700, 6814373.75
654, 1811975, 4017043.75, 9793650, 1155321.25, 7981675, 6826353.75
655, 1811975, 4017043.75, 9808625, 1158316.25, 7996650, 6838333.75
656, 1811975, 4017043.75, 9823600, 1161311.25, 8011625, 6850313.75
657, 1811975, 4017043.75, 9838575, 1164306.25, 8026600, 6862293.75
658, 1811975, 4017043.75, 9853550, 1167301.25, 8041575, 6874273.75
659, 1811975, 4017043.75, 9868525, 1170296.25, 8056550, 6886253.75
660, 1811975, 4017043.75, 9883500, 1173291.25, 8071525, 6898233.75
661, 1811975, 4017043.75, 9898475, 1176286.25, 8086500, 6910213.75
662, 1811975, 4017043.75, 9913450, 1179281.25, 8101475, 6922193.75
663, 1811975, 4017043.75, 9928425, 1182276.25, 8116450, 6934173.75
664, 1811975, 4017043.75, 9943400, 1185271.25, 8131425, 6946153.75
665, 1811975, 4017043.75, 9958375, 1188266.25, 8146400, 6958133.75
666, 1811975, 4017043.75, 9973350, 1191261.25, 8161375, 6970113.75
667, 1811975, 4017043.75, 9988325, 1194256.25, 8176350, 6982093.75
668, 1811975, 4017043.75, 10003300, 1197251.25, 8191325, 6994073.75
669, 1811975, 4017043.75, 10018275, 1200246.25, 8206300, 7006053.75
670, 1811975, 4017043.75, 10033250, 1203241.25, 8221275, 7018033.75
671, 1811975, 4017043.75, 10048225, 1206236.25, 8236250, 7030013.75
672, 1811975, 4017043.75, 10063200, 1209231.25, 8251225, 7041993.75
673, 1811975, 4017043.75, 10078175, 1212226.25, 8266200, 7053973.75
674, 1811975, 4017043.75, 10093150, 1215221.25, 8281175, 7065953.75
675, 1811975, 4017043.75, 10108125, 1218216.25, 8296150, 7077933.75
676, 1811975, 4017043.75, 10123100, 1221211.25, 8311125, 7089913.75
677, 1811975, 4017043.75, 10138075, 1224206.25, 8326100, 7101893.75
678, 1811975, 4017043.75, 10153050, 1227201.25, 8341075, 7113873.75
679, 1811975, 4017043.75, 10168025, 1230196.25, 8356050, 7125853.75
680, 1811975, 4017043.75, 10183000, 1233191.25, 8371025, 7137833.75
681, 1811975, 4017043.75, 10197975, 1236186.25, 8386000, 7149813.75
682, 1811975, 4017043.75, 10212950, 1239181.25, 8400975, 7161793.75
683, 1811975, 4017043.75, 10227925, 1242176.25, 8415950, 7173773.75
684, 1811975, 4017043.75, 10242900, 1245171.25, 8430925, 7185753.75
685, 1811975, 4017043.75, 10257875, 1248166.25, 8445900, 7197733.75
686, 1811975, 4017043.75, 10272850, 1251161.25, 8460875, 7209713.75
687, 1811975, 4017043.75, 10287825, 1254156.25, 8475850, 7221693.75
688, 1811975, 4017043.75, 10302800, 1257151.25, 8490825, 7233673.75
689, 1811975, 4017043.75, 10317775, 1260146.25, 8505800, 7245653.75
690, 1811975, 4017043.75, 10332750, 1263141.25, 8520775, 7257633.75
691, 1811975, 4017043.75, 10347725, 1266136.25, 8535750, 7269613.75
692, 1811975, 4017043.75, 10362700, 1269131.25, 8550725, 7281593.75
693, 1811975, 4017043.75, 10377675, 1272126.25, 8565700, 7293573.75
694, 1811975, 4017043.75, 10392650, 1275121.25, 8580675, 7305553.75
695, 1811975, 4017043.75, 10407625, 1278116.25, 8595650, 7317533.75
696, 1811975, 4017043.75, 10422600, 1281111.25, 8610625, 7329513.75
697, 1811975, 4017043.75, 10437575, 1284106.25, 8625600, 7341493.75
698, 1811975, 4017043.75, 10452550, 1287101.25, 8640575, 7353473.75
699, 1811975, 4017043.75, 10467525, 1290096.25, 8655550, 7365453.75
700, 1811975, 4017043.75, 10482500, 1293091.25, 8670525, 7377433.75
701, 1811975, 4017043.75, 10497475, 1296086.25, 8685500, 7389413.75
702, 1811975, 4017043.75, 10512450, 1299081.25, 8700475, 7401393.75
703, 1811975, 4017043.75, 10527425, 1302076.25, 8715450, 7413373.75
704, 1811975, 4017043.75, 10542400, 1305071.25, 8730425, 7425353.75
705, 1811975, 4017043.75, 10557375, 1308066.25, 8745400, 7437333.75
706, 1811975, 4017043.75, 10572350, 1311061.25, 8760375, 7449313.75
707, 1811975, 4017043.75, 10587325, 1314056.25, 8775350, 7461293.75
708, 1811975, 4017043.75, 10602300, 1317051.25, 8790325, 7473273.75
709, 1811975, 4017043.75, 10617275, 1320046.25, 8805300, 7485253.75
710, 1811975, 4017043.75, 10632250, 1323041.25, 8820275, 7497233.75
711, 1811975, 4017043.75, 10647225, 1326036.25, 8835250, 7509213.75
712, 1811975, 4017043.75, 10662200, 1329031.25, 8850225, 7521193.75
713, 1811975, 4017043.75, 10677175, 1332026.25, 8865200, 7533173.75
714, 1811975, 4017043.75, 10692150, 1335021.25, 8880175, 7545153.75
715, 1811975, 4017043.75, 10707125, 1338016.25, 8895150, 7557133.75
716, 1811975, 4017043.75, 10722100, 1341011.25, 8910125, 7569113.75
717, 1811975, 4017043.75, 10737075, 1344006.25, 8925100, 7581093.75
718, 1811975, 4017043.75, 10752050, 1347001.25, 8940075, 7593073.75
719, 1811975, 4017043.75, 10767025, 1349996.25, 8955050, 7605053.75
720, 1811975, 4017043.75, 10782000, 1352991.25, 8970025, 7617033.75
721, 1811975, 4017043.75, 10796975, 1355986.25, 8985000, 7629013.75
722, 1811975, 4017043.75, 10811950, 1358981.25, 8999975, 7640993.75
723, 1811975, 4017043.75, 10826925, 1361976.25, 9014950, 7652973.75
724, 1811975, 4017043.75, 10841900, 1364971.25, 9029925, 7664953.75
725, 1811975, 4017043.75, 10856875, 1367966.25, 9044900, 7676933.75
726, 1811975, 4017043.75, 10871850, 1370961.25, 9059875, 7688913.75
727, 1811975, 4017043.75, 10886825, 1373956.25, 9074850, 7700893.75
728, 1811975, 4017043.75, 10901800, 1376951.25, 9089825, 7712873.75
729, 1811975, 4017043.75, 10916775, 1379946.25, 9104800, 7724853.75
730, 1811975, 4017043.75, 10931750, 1382941.25, 9119775, 7736833.75
731, 1811975, 4017043.75, 10946725, 1385936.25, 9134750, 7748813.75
732, 1811975, 4017043.75, 10961700, 1388931.25, 9149725, 7760793.75
733, 1811975, 4017043.75, 10976675, 1391926.25, 9164700, 7772773.75
734, 1811975, 4017043.75, 10991650, 1394921.25, 9179675, 7784753.75
735, 1811975, 4017043.75, 11006625, 1397916.25, 9194650, 7796733.75
736, 1811975, 4017043.75, 11021600, 1400911.25, 9209625, 7808713.75
737, 1811975, 4017043.75, 11036575, 1403906.25, 9224600, 7820693.75
738, 1811975, 4017043.75, 11051550, 1406901.25, 9239575, 7832673.75
739, 1811975, 4017043.75, 11066525, 1409896.25, 9254550, 7844653.75
740, 1811975, 4017043.75, 11081500, 1412891.25, 9269525, 7856633.75
741, 1811975, 4017043.75, 11096475, 1415886.25, 9284500, 7868613.75
742, 1811975, 4017043.75, 11111450, 1418881.25, 9299475, 7880593.75
743, 1811975, 4017043.75, 11126425, 1421876.25, 9314450, 7892573.75
744, 1811975, 4017043.75, 11141400, 1424871.25, 9329425, 7904553.75
745, 1811975, 4017043.75, 11156375, 1427866.25, 9344400, 7916533.75
746, 1811975, 4017043.75, 11171350, 1430861.25, 9359375, 7928513.75
747, 1811975, 4017043.75, 11186325, 1433856.25, 9374350, 7940493.75
748, 1811975, 4017043.75, 11201300, 1436851.25, 9389325, 7952473.75
749, 1811975, 4017043.75, 11216275, 1439846.25, 9404300, 7964453.75
750, 1811975, 4017043.75, 11231250, 1442841.25, 9419275, 7976433.75
751, 1811975, 4017043.75, 11246225, 1445836.25, 9434250, 7988413.75
752, 1811975, 4017043.75, 11261200, 1448831.25, 9449225, 8000393.75
753, 1811975, 4017043.75, 11276175, 1451826.25, 9464200, 8012373.75
754, 1811975, 4017043.75, 11291150, 1454821.25, 9479175, 8024353.75
755, 1811975, 4017043.75, 11306125, 1457816.25, 9494150, 8036333.75
756, 1811975, 4017043.75, 11321100, 1460811.25, 9509125, 8048313.75
757, 1811975, 4017043.75, 11336075, 1463806.25, 9524100, 8060293.75
758, 1811975, 4017043.75, 11351050, 1466801.25, 9539075, 8072273.75
759, 1811975, 4017043.75, 11366025, 1469796.25, 9554050, 8084253.75
760, 1811975, 4017043.75, 11381000, 1472791.25, 9569025, 8096233.75
761, 1811975, 4017043.75, 11395975, 1475786.25, 9584000, 8108213.75
762, 1811975, 4017043.75, 11410950, 1478781.25, 9598975, 8120193.75
763, 1811975, 4017043.75, 11425925, 1481776.25, 9613950, 8132173.75
764, 1811975, 4017043.75, 11440900, 1484771.25, 9628925, 8144153.75
765, 1811975, 4017043.75, 11455875, 1487766.25, 9643900, 8156133.75
766, 1811975, 4017043.75, 11470850, 1490761.25, 9658875, 8168113.75
767, 1811975, 4017043.75, 11485825, 1493756.25, 9673850, 8180093.75
768, 1811975, 4017043.75, 11500800, 1496751.25, 9688825, 8192073.75
769, 1811975, 4017043.75, 11515775, 1499746.25, 9703800, 8204053.75
770, 1811975, 4017043.75, 11530750, 1502741.25, 9718775, 8216033.75
771, 1811975, 4017043.75, 11545725, 1505736.25, 9733750, 8228013.75
772, 1811975, 4017043.75, 11560700, 1508731.25, 9748725, 8239993.75
773, 1811975, 4017043.75, 11575675, 1511726.25, 9763700, 8251973.75
774, 1811975, 4017043.75, 11590650, 1514721.25, 9778675, 8263953.75
775, 1811975, 4017043.75, 11605625, 1517716.25, 9793650, 8275933.75
776, 1811975, 4017043.75, 11620600, 1520711.25, 9808625, 8287913.75
777, 1811975, 4017043.75, 11635575, 1523706.25, 9823600, 8299893.75
778, 1811975, 4017043.75, 11650550, 1526701.25, 9838575, 8311873.75
779, 1811975, 4017043.75, 11665525, 1529696.25, 9853550, 8323853.75
780, 1811975, 4017043.75, 11680500, 1532691.25, 9868525, 8335833.75
781, 1811975, 4017043.75, 11695475, 1535686.25, 9883500, 8347813.75
782, 1811975, 4017043.75, 11710450, 1538681.25, 9898475, 8359793.75
783, 1811975, 4017043.75, 11725425, 1541676.25, 9913450, 8371773.75
784, 1811975, 4017043.75, 11740400, 1544671.25, 9928425, 8383753.75
785, 1811975, 4017043.75, 11755375, 1547666.25, 9943400, 8395733.75
786, 1811975, 4017043.75, 11770350, 1550661.25, 9958375, 8407713.75
787, 1811975, 4017043.75, 11785325, 1553656.25, 9973350, 8419693.75
788, 1811975, 4017043.75, 11800300, 1556651.25, 9988325, 8431673.75
789, 1811975, 4017043.75, 11815275, 1559646.25, 10003300, 8443653.75
790, 1811975, 4017043.75, 11830250, 1562641.25, 10018275, 8455633.75
791, 1811975, 4017043.75, 11845225, 1565636.25, 10033250, 8467613.75
792, 1811975, 4017043.75, 11860200, 1568631.25, 10048225, 8479593.75
793, 1811975, 4017043.75, 11875175, 1571626.25, 10063200, 8491573.75
794, 1811975, 4017043.75, 11890150, 1574621.25, 10078175, 8503553.75
795, 1811975, 4017043.75, 11905125, 1577616.25, 10093150, 8515533.75
796, 1811975, 4017043.75, 11920100, 1580611.25, 10108125, 8527513.75
797, 1811975, 4017043.75, 11935075, 1583606.25, 10123100, 8539493.75
798, 1811975, 4017043.75, 11950050, 1586601.25, 10138075, 8551473.75
799, 1811975, 4017043.75, 11965025, 1589596.25, 10153050, 8563453.75
800, 1811975, 4017043.75, 11980000, 1592591.25, 10168025, 8575433.75
801, 1811975, 4017043.75, 11994975, 1595586.25, 10183000, 8587413.75
802, 1811975, 4017043.75, 12009950, 1598581.25, 10197975, 8599393.75
803, 1811975, 4017043.75, 12024925, 1601576.25, 10212950, 8611373.75
804, 1811975, 4017043.75, 12039900, 1604571.25, 10227925, 8623353.75
805, 1811975, 4017043.75, 12054875, 1607566.25, 10242900, 8635333.75
806, 1811975, 4017043.75, 12069850, 1610561.25, 10257875, 8647313.75
807, 1811975, 4017043.75, 12084825, 1613556.25, 10272850, 8659293.75
808, 1811975, 4017043.75, 12099800, 1616551.25, 10287825, 8671273.75
809, 1811975, 4017043.75, 12114775, 1619546.25, 10302800, 8683253.75
810, 1811975, 4017043.75, 12129750, 1622541.25, 10317775, 8695233.75
811, 1811975, 4017043.75, 12144725, 1625536.25, 10332750, 8707213.75
812, 1811975, 4017043.75, 12159700, 1628531.25, 10347725, 8719193.75
813, 1811975, 4017043.75, 12174675, 1631526.25, 10362700, 8731173.75
814, 1811975, 4017043.75, 12189650, 1634521.25, 10377675, 8743153.75
815, 1811975, 4017043.75, 12204625, 1637516.25, 10392650, 8755133.75
816, 1811975, 4017043.75, 12219600, 1640511.25, 10407625, 8767113.75
817, 1811975, 4017043.75, 12234575, 1643506.25, 10422600, 8779093.75
818, 1811975, 4017043.75, 12249550, 1646501.25, 10437575, 8791073.75
819, 1811975, 4017043.75, 12264525, 1649496.25, 10452550, 8803053.75
820, 1811975, 4017043.75, 12279500, 1652491.25, 10467525, 8815033.75
821, 1811975, 4017043.75, 12294475, 1655486.25, 10482500, 8827013.75
822, 1811975, 4017043.75, 12309450, 1658481.25, 10497475, 8838993.75
823, 1811975, 4017043.75, 12324425, 1661476.25, 10512450, 8850973.75
824, 1811975, 4017043.75, 12339400, 1664471.25, 10527425, 8862953.75
825, 1811975, 4017043.75, 12354375, 1667466.25, 10542400, 8874933.75
826, 1811975, 4017043.75, 12369350, 1670461.25, 10557375, 8886913.75
827, 1811975, 4017043.75, 12384325, 1673456.25, 10572350, 8898893.75
828, 1811975, 4017043.75, 12399300, 1676451.25, 10587325, 8910873.75
829, 1811975, 4017043.75, 12414275, 1679446.25, 10602300, 8922853.75
830, 1811975, 4017043.75, 12429250, 1682441.25, 10617275, 8934833.75
831, 1811975, 4017043.75, 12444225, 1685436.25, 10632250, 8946813.75
832, 1811975, 4017043.75, 12459200, 1688431.25, 10647225, 8958793.75
833, 1811975, 4017043.75, 12474175, 1691426.25, 10662200, 8970773.75
834, 1811975, 4017043.75, 12489150, 1694421.25, 10677175, 8982753.75
835, 1811975, 4017043.75, 12504125, 1697416.25, 10692150, 8994733.75
836, 1811975, 4017043.75, 12519100, 1700411.25, 10707125, 9006713.75
837, 1811975, 4017043.75, 12534075, 1703406.25, 10722100, 9018693.75
838, 1811975, 4017043.75, 12549050, 1706401.25, 10737075, 9030673.75
839, 1811975, 4017043.75, 12564025, 1709396.25, 10752050, 9042653.75
840, 1811975, 4017043.75, 12579000, 1712391.25, 10767025, 9054633.75
841, 1811975, 4017043.75, 12593975, 1715386.25, 10782000, 9066613.75
842, 1811975, 4017043.75, 12608950, 1718381.25, 10796975, 9078593.75
843, 1811975, 4017043.75, 12623925, 1721376.25, 10811950, 9090573.75
844, 1811975, 4017043.75, 12638900, 1724371.25, 10826925, 9102553.75
845, 1811975, 4017043.75, 12653875, 1727366.25, 10841900, 9114533.75
846, 1811975, 4017043.75, 12668850, 1730361.25, 10856875, 9126513.75
847, 1811975, 4017043.75, 12683825, 1733356.25, 10871850, 9138493.75
848, 1811975, 4017043.75, 12698800, 1736351.25, 10886825, 9150473.75
849, 1811975, 4017043.75, 12713775, 1739346.25, 10901800, 9162453.75
850, 1811975, 4017043.75, 12728750, 1742341.25, 10916775, 9174433.75
851, 1811975, 4017043.75, 12743725, 1745336.25, 10931750, 9186413.75
852, 1811975, 4017043.75, 12758700, 1748331.25, 10946725, 9198393.75
853, 1811975, 4017043.75, 12773675, 1751326.25, 10961700, 9210373.75
854, 1811975, 4017043.75, 12788650, 1754321.25, 10976675, 9222353.75
855, 1811975, 4017043.75, 12803625, 1757316.25, 10991650, 9234333.75
856, 1811975, 4017043.75, 12818600, 1760311.25, 11006625, 9246313.75
857, 1811975, 4017043.75, 12833575, 1763306.25, 11021600, 9258293.75
858, 1811975, 4017043.75, 12848550, 1766301.25, 11036575, 9270273.75
859, 1811975, 4017043.75, 12863525, 1769296.25, 11051550, 9282253.75
860, 1811975, 4017043.75, 12878500, 1772291.25, 11066525, 9294233.75
861, 1811975, 4017043.75, 12893475, 1775286.25, 11081500, 9306213.75
862, 1811975, 4017043.75, 12908450, 1778281.25, 11096475, 9318193.75
863, 1811975, 4017043.75, 12923425, 1781276.25, 11111450, 9330173.75
864, 1811975, 4017043.75, 12938400, 1784271.25, 11126425, 9342153.75
865, 1811975, 4017043.75, 12953375, 1787266.25, 11141400, 9354133.75
866, 1811975, 4017043.75, 12968350, 1790261.25, 11156375, 9366113.75
867, 1811975, 4017043.75, 12983325, 1793256.25, 11171350, 9378093.75
868, 1811975, 4017043.75, 12998300, 1796251.25, 11186325, 9390073.75
869, 1811975, 4017043.75, 13013275, 1799246.25, 11201300, 9402053.75
870, 1811975, 4017043.75, 13028250, 1802241.25, 11216275, 9414033.75
871, 1811975, 4017043.75, 13043225, 1805236.25, 11231250, 9426013.75
872, 1811975, 4017043.75, 13058200, 1808231.25, 11246225, 9437993.75
873, 1811975, 4017043.75, 13073175, 1811226.25, 11261200, 9449973.75
874, 1811975, 4017043.75, 13088150, 1814221.25, 11276175, 9461953.75
875, 1811975, 4017043.75, 13103125, 1817216.25, 11291150, 9473933.75
876, 1811975, 4017043.75, 13118100, 1820211.25, 11306125, 9485913.75
877, 1811975, 4017043.75, 13133075, 1823206.25, 11321100, 9497893.75
878, 1811975, 4017043.75, 13148050, 1826201.25, 11336075, 9509873.75
879, 1811975, 4017043.75, 13163025, 1829196.25, 11351050, 9521853.75
880, 1811975, 4017043.75, 13178000, 1832191.25, 11366025, 9533833.75
881, 1811975, 4017043.75, 13192975, 1835186.25, 11381000, 9545813.75
882, 1811975, 4017043.75, 13207950, 1838181.25, 11395975, 9557793.75
883, 1811975, 4017043.75, 13222925, 1841176.25, 11410950, 9569773.75
884, 1811975, 4017043.75, 13237900, 1844171.25, 11425925, 9581753.75
885, 1811975, 4017043.75, 13252875, 1847166.25, 11440900, 9593733.75
886, 1811975, 4017043.75, 13267850, 1850161.25, 11455875, 9605713.75
887, 1811975, 4017043.75, 13282825, 1853156.25, 11470850, 9617693.75
888, 1811975, 4017043.75, 13297800, 1856151.25, 11485825, 9629673.75
889, 1811975, 4017043.75, 13312775, 1859146.25, 11500800, 9641653.75
890, 1811975, 4017043.75, 13327750, 1862141.25, 11515775, 9653633.75
891, 1811975, 4017043.75, 13342725, 1865136.25, 11530750, 9665613.75
892, 1811975, 4017043.75, 13357700, 1868131.25, 11545725, 9677593.75
893, 1811975, 4017043.75, 13372675, 1871126.25, 11560700, 9689573.75
894, 1811975, 4017043.75, 13387650, 1874121.25, 11575675, 9701553.75
895, 1811975, 4017043.75, 13402625, 1877116.25, 11590650, 9713533.75
896, 1811975, 4017043.75, 13417600, 1880111.25, 11605625, 9725513.75
897, 1811975, 4017043.75, 13432575, 1883106.25, 11620600, 9737493.75
898, 1811975, 4017043.75, 13447550, 1886101.25, 11635575, 9749473.75
899, 1811975, 4017043.75, 13462525, 1889096.25, 11650550, 9761453.75
900, 1811975, 4017043.75, 13477500, 1892091.25, 11665525, 9773433.75
901, 1811975, 4017043.75, 13492475, 1895086.25, 11680500, 9785413.75
902, 1811975, 4017043.75, 13507450, 1898081.25, 11695475, 9797393.75
903, 1811975, 4017043.75, 13522425, 1901076.25, 11710450, 9809373.75
904, 1811975, 4017043.75, 13537400, 1904071.25, 11725425, 9821353.75
905, 1811975, 4017043.75, 13552375, 1907066.25, 11740400, 9833333.75
906, 1811975, 4017043.75, 13567350, 1910061.25, 11755375, 9845313.75
907, 1811975, 4017043.75, 13582325, 1913056.25, 11770350, 9857293.75
908, 1811975, 4017043.75, 13597300, 1916051.25, 11785325, 9869273.75
909, 1811975, 4017043.75, 13612275, 1919046.25, 11800300, 9881253.75
910, 1811975, 4017043.75, 13627250, 1922041.25, 11815275, 9893233.75
911, 1811975, 4017043.75, 13642225, 1925036.25, 11830250, 9905213.75
912, 1811975, 4017043.75, 13657200, 1928031.25, 11845225, 9917193.75
913, 1811975, 4017043.75, 13672175, 1931026.25, 11860200, 9929173.75
914, 1811975, 4017043.75, 13687150, 1934021.25, 11875175, 9941153.75
915, 1811975, 4017043.75, 13702125, 1937016.25, 11890150, 9953133.75
916, 1811975, 4017043.75, 13717100, 1940011.25, 11905125, 9965113.75
917, 1811975, 4017043.75, 13732075, 1943006.25, 11920100, 9977093.75
918, 1811975, 4017043.75, 13747050, 1946001.25, 11935075, 9989073.75
919, 1811975, 4017043.75, 13762025, 1948996.25, 11950050, 10001053.75
920, 1811975, 4017043.75, 13777000, 1951991.25, 11965025, 10013033.75
921, 1811975, 4017043.75, 13791975, 1954986.25, 11980000, 10025013.75
922, 1811975, 4017043.75, 13806950, 1957981.25, 11994975, 10036993.75
923, 1811975, 4017043.75, 13821925, 1960976.25, 12009950, 10048973.75
924, 1811975, 4017043.75, 13836900, 1963971.25, 12024925, 10060953.75
925, 1811975, 4017043.75, 13851875, 1966966.25, 12039900, 10072933.75
926, 1811975, 4017043.75, 13866850, 1969961.25, 12054875, 10084913.75
927, 1811975, 4017043.75, 13881825, 1972956.25, 12069850, 10096893.75
928, 1811975, 4017043.75, 13896800, 1975951.25, 12084825, 10108873.75
929, 1811975, 4017043.75, 13911775, 1978946.25, 12099800, 10120853.75
930, 1811975, 4017043.75, 13926750, 1981941.25, 12114775, 10132833.75
931, 1811975, 4017043.75, 13941725, 1984936.25, 12129750, 10144813.75
932, 1811975, 4017043.75, 13956700, 1987931.25, 12144725, 10156793.75
933, 1811975, 4017043.75, 13971675, 1990926.25, 12159700, 10168773.75
934, 1811975, 4017043.75, 13986650, 1993921.25, 12174675, 10180753.75
935, 1811975, 4017043.75, 14001625, 1996916.25, 12189650, 10192733.75
936, 1811975, 4017043.75, 14016600, 1999911.25, 12204625, 10204713.75
937, 1811975, 4017043.75, 14031575, 2002906.25, 12219600, 10216693.75
938, 1811975, 4017043.75, 14046550, 2005901.25, 12234575, 10228673.75
939, 1811975, 4017043.75, 14061525, 2008896.25, 12249550, 10240653.75
940, 1811975, 4017043.75, 14076500, 2011891.25, 12264525, 10252633.75
941, 1811975, 4017043.75, 14091475, 2014886.25, 12279500, 10264613.75
942, 1811975, 4017043.75, 14106450, 2017881.25, 12294475, 10276593.75
943, 1811975, 4017043.75, 14121425, 2020876.25, 12309450, 10288573.75
944, 1811975, 4017043.75, 14136400, 2023871.25, 12324425, 10300553.75
945, 1811975, 4017043.75, 14151375, 2026866.25, 12339400, 10312533.75
946, 1811975, 4017043.75, 14166350, 2029861.25, 12354375, 10324513.75
947, 1811975, 4017043.75, 14181325, 2032856.25, 12369350, 10336493.75
948, 1811975, 4017043.75, 14196300, 2035851.25, 12384325, 10348473.75
949, 1811975, 4017043.75, 14211275, 2038846.25, 12399300, 10360453.75
950, 1811975, 4017043.75, 14226250, 2041841.25, 12414275, 10372433.75
951, 1811975, 4017043.75, 14241225, 2044836.25, 12429250, 10384413.75
952, 1811975, 4017043.75, 14256200, 2047831.25, 12444225, 10396393.75
953, 1811975, 4017043.75, 14271175, 2050826.25, 12459200, 10408373.75
954, 1811975, 4017043.75, 14286150, 2053821.25, 12474175, 10420353.75
955, 1811975, 4017043.75, 14301125, 2056816.25, 12489150, 10432333.75
956, 1811975, 4017043.75, 14316100, 2059811.25, 12504125, 10444313.75
957, 1811975, 4017043.75, 14331075, 2062806.25, 12519100, 10456293.75
958, 1811975, 4017043.75, 14346050, 2065801.25, 12534075, 10468273.75
959, 1811975, 4017043.75, 14361025, 2068796.25, 12549050, 10480253.75
960, 1811975, 4017043.75, 14376000, 2071791.25, 12564025, 10492233.75
961, 1811975, 4017043.75, 14390975, 2074786.25, 12579000, 10504213.75
962, 1811975, 4017043.75, 14405950, 2077781.25, 12593975, 10516193.75
963, 1811975, 4017043.75, 14420925, 2080776.25, 12608950, 10528173.75
964, 1811975, 4017043.75, 14435900, 2083771.25, 12623925, 10540153.75
965, 1811975, 4017043.75, 14450875, 2086766.25, 12638900, 10552133.75
966, 1811975, 4017043.75, 14465850, 2089761.25, 12653875, 10564113.75
967, 1811975, 4017043.75, 14480825, 2092756.25, 12668850, 10576093.75
968, 1811975, 4017043.75, 14495800, 2095751.25, 12683825, 10588073.75
969, 1811975, 4017043.75, 14510775, 2098746.25, 12698800, 10600053.75
970, 1811975, 4017043.75, 14525750, 2101741.25, 12713775, 10612033.75
971, 1811975, 4017043.75, 14540725, 2104736.25, 12728750, 10624013.75
972, 1811975, 4017043.75, 14555700, 2107731.25, 12743725, 10635993.75
973, 1811975, 4017043.75, 14570675, 2110726.25, 12758700, 10647973.75
974, 1811975, 4017043.75, 14585650, 2113721.25, 12773675, 10659953.75
975, 1811975, 4017043.75, 14600625, 2116716.25, 12788650, 10671933.75
976, 1811975, 4017043.75, 14615600, 2119711.25, 12803625, 10683913.75
977, 1811975, 4017043.75, 14630575, 2122706.25, 12818600, 10695893.75
978, 1811975, 4017043.75, 14645550, 2125701.25, 12833575, 10707873.75
979, 1811975, 4017043.75, 14660525, 2128696.25, 12848550, 10719853.75
980, 1811975, 4017043.75, 14675500, 2131691.25, 12863525, 10731833.75
981, 1811975, 4017043.75, 14690475, 2134686.25, 12878500, 10743813.75
982, 1811975, 4017043.75, 14705450, 2137681.25, 12893475, 10755793.75
983, 1811975, 4017043.75, 14720425, 2140676.25, 12908450, 10767773.75
984, 1811975, 4017043.75, 14735400, 2143671.25, 12923425, 10779753.75
985, 1811975, 4017043.75, 14750375, 2146666.25, 12938400, 10791733.75
986, 1811975, 4017043.75, 14765350, 2149661.25, 12953375, 10803713.75
987, 1811975, 4017043.75, 14780325, 2152656.25, 12968350, 10815693.75
988, 1811975, 4017043.75, 14795300, 2155651.25, 12983325, 10827673.75
989, 1811975, 4017043.75, 14810275, 2158646.25, 12998300, 10839653.75
990, 1811975, 4017043.75, 14825250, 2161641.25, 13013275, 10851633.75
991, 1811975, 4017043.75, 14840225, 2164636.25, 13028250, 10863613.75
992, 1811975, 4017043.75, 14855200, 2167631.25, 13043225, 10875593.75
993, 1811975, 4017043.75, 14870175, 2170626.25, 13058200, 10887573.75
994, 1811975, 4017043.75, 14885150, 2173621.25, 13073175, 10899553.75
995, 1811975, 4017043.75, 14900125, 2176616.25, 13088150, 10911533.75
996, 1811975, 4017043.75, 14915100, 2179611.25, 13103125, 10923513.75
997, 1811975, 4017043.75, 14930075, 2182606.25, 13118100, 10935493.75
998, 1811975, 4017043.75, 14945050, 2185601.25, 13133075, 10947473.75
999, 1811975, 4017043.75, 14960025, 2188596.25, 13148050, 10959453.75
